date,grid_load_mwh,grid_load_incl_pumped_mwh,residual_load_mwh
2024-01-01,1021080.0,1069010.0,206270.0
2024-01-02,1271127.0,1298321.0,453076.0
2024-01-03,1354050.0,1391434.0,322282.0
2024-01-04,1381904.0,1411446.0,757598.0
2024-01-05,1366758.0,1383590.0,774694.0
2024-01-06,1248272.0,1263186.0,843078.0
2024-01-07,1229168.0,1256576.0,789019.0
2024-01-08,1500718.0,1530228.0,932164.0
2024-01-09,1535753.0,1560797.0,1170379.0
2024-01-10,1537874.0,1562963.0,1306547.0
2024-01-11,1553538.0,1578310.0,1346653.0
2024-01-12,1537872.0,1561530.0,1288871.0
2024-01-13,1386131.0,1395886.0,753799.0
2024-01-14,1303766.0,1330346.0,585383.0
2024-01-15,1570357.0,1600262.0,840501.0
2024-01-16,1555490.0,1581840.0,1100107.0
2024-01-17,1594772.0,1625624.0,1222602.0
2024-01-18,1565016.0,1588809.0,1278879.0
2024-01-19,1589958.0,1616436.0,837662.0
2024-01-20,1390532.0,1415873.0,603817.0
2024-01-21,1317760.0,1344093.0,374277.0
2024-01-22,1538081.0,1576840.0,436115.0
2024-01-23,1540014.0,1578944.0,479468.0
2024-01-24,1504781.0,1550611.0,339624.0
2024-01-25,1469992.0,1500140.0,774780.0
2024-01-26,1454437.0,1481378.0,600156.0
2024-01-27,1279785.0,1315624.0,607844.0
2024-01-28,1138178.0,1179786.0,523892.0
2024-01-29,1397396.0,1415288.0,840160.0
2024-01-30,1445950.0,1465406.0,836990.0
2024-01-31,1514987.0,1540155.0,859720.0
2024-02-01,1507570.0,1543451.0,677834.0
2024-02-02,1484117.0,1509691.0,563051.0
2024-02-03,1294614.0,1335573.0,281232.0
2024-02-04,1227674.0,1286404.0,146311.0
2024-02-05,1445726.0,1484146.0,246822.0
2024-02-06,1493298.0,1532890.0,267849.0
2024-02-07,1496148.0,1525186.0,825639.0
2024-02-08,1466770.0,1486629.0,1149776.0
2024-02-09,1450210.0,1474662.0,758586.0
2024-02-10,1221815.0,1235992.0,832819.0
2024-02-11,1161707.0,1203013.0,683762.0
2024-02-12,1375301.0,1396710.0,984886.0
2024-02-13,1437378.0,1473136.0,817506.0
2024-02-14,1425812.0,1446096.0,863698.0
2024-02-15,1399301.0,1418132.0,916412.0
2024-02-16,1403246.0,1429286.0,728445.0
2024-02-17,1207079.0,1232265.0,802864.0
2024-02-18,1145994.0,1196975.0,527427.0
2024-02-19,1414850.0,1433872.0,669596.0
2024-02-20,1440521.0,1462468.0,784064.0
2024-02-21,1458503.0,1494856.0,674420.0
2024-02-22,1456507.0,1491200.0,620136.0
2024-02-23,1445185.0,1486606.0,567304.0
2024-02-24,1220588.0,1251384.0,661792.0
2024-02-25,1158856.0,1197464.0,671186.0
2024-02-26,1399382.0,1428722.0,973810.0
2024-02-27,1429046.0,1449852.0,1190123.0
2024-02-28,1436330.0,1463725.0,1181705.0
2024-02-29,1453382.0,1484568.0,782121.0
2024-03-01,1399354.0,1419481.0,916343.0
2024-03-02,1185000.0,1221485.0,635843.0
2024-03-03,1112724.0,1148147.0,566631.0
2024-03-04,1411423.0,1428599.0,1125867.0
2024-03-05,1464542.0,1490976.0,1079939.0
2024-03-06,1431878.0,1452062.0,1162557.0
2024-03-07,1423678.0,1443544.0,977873.0
2024-03-08,1379269.0,1419045.0,533499.0
2024-03-09,1221117.0,1264849.0,361144.0
2024-03-10,1171143.0,1212212.0,325154.0
2024-03-11,1405394.0,1426698.0,807425.0
2024-03-12,1412513.0,1430518.0,1177794.0
2024-03-13,1423990.0,1447524.0,1038467.0
2024-03-14,1398288.0,1433790.0,832317.0
2024-03-15,1382703.0,1420494.0,591030.0
2024-03-16,1217162.0,1267408.0,449333.0
2024-03-17,1102701.0,1138991.0,676842.0
2024-03-18,1369295.0,1392523.0,968893.0
2024-03-19,1387821.0,1421219.0,998313.0
2024-03-20,1355589.0,1385206.0,1081468.0
2024-03-21,1368859.0,1388678.0,909224.0
2024-03-22,1368783.0,1406583.0,748196.0
2024-03-23,1183285.0,1228230.0,458269.0
2024-03-24,1136911.0,1204208.0,208826.0
2024-03-25,1322881.0,1342824.0,814066.0
2024-03-26,1376796.0,1400213.0,709147.0
2024-03-27,1368202.0,1400631.0,908524.0
2024-03-28,1352206.0,1387465.0,586935.0
2024-03-29,1122028.0,1182312.0,412707.0
2024-03-30,1072350.0,1102076.0,644194.0
2024-03-31,864718.0,906500.0,524394.0
2024-04-01,1041487.0,1067919.0,568124.0
2024-04-02,1326668.0,1394968.0,333119.0
2024-04-03,1349413.0,1372430.0,846147.0
2024-04-04,1355950.0,1397192.0,509662.0
2024-04-05,1321410.0,1359572.0,450324.0
2024-04-06,1113232.0,1157598.0,362204.0
2024-04-07,1043015.0,1111525.0,358302.0
2024-04-08,1265132.0,1302323.0,839050.0
2024-04-09,1339950.0,1373208.0,596777.0
2024-04-10,1349296.0,1401620.0,727131.0
2024-04-11,1359909.0,1402741.0,686308.0
2024-04-12,1320189.0,1361613.0,666250.0
2024-04-13,1105669.0,1158901.0,366973.0
2024-04-14,1056624.0,1123735.0,289459.0
2024-04-15,1288906.0,1321043.0,648762.0
2024-04-16,1368466.0,1417294.0,600494.0
2024-04-17,1347068.0,1378244.0,1008026.0
2024-04-18,1352114.0,1382634.0,918420.0
2024-04-19,1366391.0,1412339.0,495687.0
2024-04-20,1150676.0,1196864.0,570207.0
2024-04-21,1090199.0,1138932.0,586589.0
2024-04-22,1329937.0,1357158.0,940024.0
2024-04-23,1362939.0,1393338.0,937302.0
2024-04-24,1374620.0,1407521.0,882016.0
2024-04-25,1359406.0,1389337.0,946744.0
2024-04-26,1317475.0,1342206.0,854734.0
2024-04-27,1104069.0,1137672.0,568648.0
2024-04-28,1055037.0,1106609.0,297018.0
2024-04-29,1249768.0,1279691.0,740940.0
2024-04-30,1265944.0,1295533.0,650703.0
2024-05-01,977648.0,1024994.0,208202.0
2024-05-02,1248289.0,1301488.0,346307.0
2024-05-03,1287554.0,1313320.0,712479.0
2024-05-04,1079406.0,1114820.0,722631.0
2024-05-05,1031533.0,1077913.0,443658.0
2024-05-06,1289584.0,1310141.0,939192.0
2024-05-07,1316890.0,1336016.0,1001717.0
2024-05-08,1278744.0,1306862.0,956360.0
2024-05-09,1016764.0,1056685.0,609014.0
2024-05-10,1097758.0,1135340.0,689605.0
2024-05-11,1016887.0,1055842.0,555956.0
2024-05-12,973127.0,1023940.0,314310.0
2024-05-13,1260028.0,1297513.0,483889.0
2024-05-14,1293651.0,1335628.0,386166.0
2024-05-15,1287046.0,1325712.0,456144.0
2024-05-16,1310088.0,1356638.0,549816.0
2024-05-17,1278608.0,1316755.0,598228.0
2024-05-18,1073762.0,1109404.0,629396.0
2024-05-19,955874.0,998932.0,573733.0
2024-05-20,964388.0,1006565.0,507284.0
2024-05-21,1261562.0,1296815.0,615912.0
2024-05-22,1307174.0,1351010.0,740426.0
2024-05-23,1235897.0,1273666.0,786692.0
2024-05-24,1212961.0,1230774.0,852446.0
2024-05-25,992193.0,1029760.0,601331.0
2024-05-26,972830.0,1021331.0,520478.0
2024-05-27,1209858.0,1240761.0,800691.0
2024-05-28,1208772.0,1237896.0,765208.0
2024-05-29,1279524.0,1323938.0,664122.0
2024-05-30,1097436.0,1123251.0,767553.0
2024-05-31,1167678.0,1192852.0,803708.0
2024-06-01,1072785.0,1109356.0,558735.0
2024-06-02,1037858.0,1094006.0,422232.0
2024-06-03,1261542.0,1289467.0,879714.0
2024-06-04,1253161.0,1291544.0,822238.0
2024-06-05,1290514.0,1328834.0,649244.0
2024-06-06,1254608.0,1288587.0,715017.0
2024-06-07,1223695.0,1259010.0,729070.0
2024-06-08,1041594.0,1082533.0,394945.0
2024-06-09,984088.0,1040080.0,352774.0
2024-06-10,1238770.0,1273658.0,661055.0
2024-06-11,1288722.0,1333182.0,494751.0
2024-06-12,1297178.0,1331856.0,672108.0
2024-06-13,1265399.0,1294216.0,792194.0
2024-06-14,1258818.0,1284543.0,712388.0
2024-06-15,1049889.0,1108322.0,285345.0
2024-06-16,999384.0,1057924.0,363825.0
2024-06-17,1248698.0,1286756.0,798980.0
2024-06-18,1280398.0,1301312.0,892907.0
2024-06-19,1293134.0,1320126.0,878622.0
2024-06-20,1278746.0,1310501.0,890155.0
2024-06-21,1261185.0,1285431.0,896642.0
2024-06-22,1080582.0,1134664.0,424268.0
2024-06-23,996102.0,1039074.0,555016.0
2024-06-24,1219621.0,1257486.0,767088.0
2024-06-25,1257935.0,1296711.0,665224.0
2024-06-26,1281116.0,1315893.0,755875.0
2024-06-27,1309376.0,1348738.0,851920.0
2024-06-28,1269306.0,1317998.0,601429.0
2024-06-29,1060522.0,1100460.0,585463.0
2024-06-30,1049916.0,1102703.0,575895.0
2024-07-01,1255239.0,1280621.0,795362.0
2024-07-02,1305263.0,1332049.0,781102.0
2024-07-03,1301700.0,1323989.0,866645.0
2024-07-04,1315872.0,1366536.0,486264.0
2024-07-05,1259627.0,1307941.0,475727.0
2024-07-06,1086331.0,1152743.0,266166.0
2024-07-07,983059.0,1031850.0,372019.0
2024-07-08,1213182.0,1249636.0,730987.0
2024-07-09,1274278.0,1309905.0,629438.0
2024-07-10,1323157.0,1359618.0,843687.0
2024-07-11,1275839.0,1309519.0,862478.0
2024-07-12,1259328.0,1280519.0,755089.0
2024-07-13,1067131.0,1111260.0,431570.0
2024-07-14,989231.0,1045090.0,409842.0
2024-07-15,1216638.0,1251678.0,658781.0
2024-07-16,1268340.0,1313073.0,584445.0
2024-07-17,1274574.0,1321149.0,660907.0
2024-07-18,1264554.0,1299364.0,837676.0
2024-07-19,1228499.0,1263023.0,795099.0
2024-07-20,1065072.0,1107042.0,537198.0
2024-07-21,1005622.0,1052560.0,531108.0
2024-07-22,1249415.0,1293542.0,714192.0
2024-07-23,1250083.0,1284743.0,757768.0
2024-07-24,1239784.0,1286728.0,705540.0
2024-07-25,1222179.0,1263786.0,769094.0
2024-07-26,1226108.0,1261260.0,818656.0
2024-07-27,1047632.0,1079947.0,790963.0
2024-07-28,975491.0,1028967.0,452086.0
2024-07-29,1138319.0,1182338.0,628978.0
2024-07-30,1176722.0,1216691.0,729252.0
2024-07-31,1215445.0,1249542.0,824724.0
2024-08-01,1281154.0,1308534.0,919854.0
2024-08-02,1222348.0,1253428.0,903605.0
2024-08-03,1041827.0,1084908.0,668693.0
2024-08-04,1003191.0,1054743.0,519764.0
2024-08-05,1210207.0,1251425.0,828102.0
2024-08-06,1230951.0,1271610.0,778279.0
2024-08-07,1265740.0,1301954.0,868462.0
2024-08-08,1249067.0,1289348.0,873842.0
2024-08-09,1250240.0,1307952.0,495022.0
2024-08-10,1060111.0,1112939.0,439726.0
2024-08-11,992690.0,1042048.0,517295.0
2024-08-12,1234082.0,1277062.0,720885.0
2024-08-13,1300395.0,1352856.0,685593.0
2024-08-14,1295531.0,1317381.0,867962.0
2024-08-15,1241759.0,1282847.0,808779.0
2024-08-16,1230733.0,1270020.0,752321.0
2024-08-17,1058836.0,1096795.0,766352.0
2024-08-18,1000248.0,1039081.0,756206.0
2024-08-19,1201470.0,1235184.0,860393.0
2024-08-20,1251542.0,1280441.0,760458.0
2024-08-21,1274876.0,1322586.0,491672.0
2024-08-22,1246000.0,1291717.0,527235.0
2024-08-23,1268706.0,1334527.0,356684.0
2024-08-24,1085988.0,1134618.0,378385.0
2024-08-25,1004808.0,1071078.0,353288.0
2024-08-26,1226284.0,1268008.0,743800.0
2024-08-27,1247752.0,1291326.0,771624.0
2024-08-28,1291307.0,1330502.0,719771.0
2024-08-29,1314414.0,1354384.0,826087.0
2024-08-30,1280762.0,1308477.0,892276.0
2024-08-31,1058827.0,1098894.0,517684.0
2024-09-01,1011449.0,1061620.0,360754.0
2024-09-02,1276206.0,1302594.0,773474.0
2024-09-03,1326380.0,1359242.0,962491.0
2024-09-04,1357057.0,1381694.0,1004624.0
2024-09-05,1335986.0,1372750.0,563084.0
2024-09-06,1313288.0,1348780.0,629286.0
2024-09-07,1099099.0,1135334.0,627886.0
2024-09-08,1040700.0,1081299.0,646430.0
2024-09-09,1296825.0,1325214.0,870441.0
2024-09-10,1332218.0,1394411.0,545879.0
2024-09-11,1321308.0,1364269.0,718407.0
2024-09-12,1284407.0,1316952.0,925983.0
2024-09-13,1277324.0,1303571.0,776944.0
2024-09-14,1091412.0,1146568.0,475770.0
2024-09-15,1021686.0,1066837.0,547986.0
2024-09-16,1291542.0,1309116.0,907808.0
2024-09-17,1303570.0,1335429.0,769375.0
2024-09-18,1273465.0,1305977.0,683651.0
2024-09-19,1277032.0,1310690.0,630777.0
2024-09-20,1208867.0,1254689.0,489409.0
2024-09-21,1028701.0,1063305.0,514003.0
2024-09-22,945732.0,980302.0,616268.0
2024-09-23,1206294.0,1234062.0,956247.0
2024-09-24,1260840.0,1286471.0,794258.0
2024-09-25,1293647.0,1337207.0,644811.0
2024-09-26,1321367.0,1358624.0,532427.0
2024-09-27,1337459.0,1403808.0,240245.0
2024-09-28,1146371.0,1200558.0,391148.0
2024-09-29,1039369.0,1084002.0,582386.0
2024-09-30,1326560.0,1392586.0,537332.0
2024-10-01,1339664.0,1377188.0,710808.0
2024-10-02,1318950.0,1355298.0,865066.0
2024-10-03,1095670.0,1132678.0,644213.0
2024-10-04,1156938.0,1189731.0,856444.0
2024-10-05,1066269.0,1096262.0,840454.0
2024-10-06,1017598.0,1071183.0,528884.0
2024-10-07,1287633.0,1332678.0,787604.0
2024-10-08,1308472.0,1343295.0,842137.0
2024-10-09,1311438.0,1356940.0,709002.0
2024-10-10,1348679.0,1398120.0,560284.0
2024-10-11,1316338.0,1357456.0,804420.0
2024-10-12,1131570.0,1165600.0,520435.0
2024-10-13,1082438.0,1150705.0,120293.0
2024-10-14,1311608.0,1331837.0,988368.0
2024-10-15,1315373.0,1338991.0,928583.0
2024-10-16,1352292.0,1402329.0,497367.0
2024-10-17,1343938.0,1377045.0,754466.0
2024-10-18,1284742.0,1299626.0,1047960.0
2024-10-19,1126902.0,1141667.0,802569.0
2024-10-20,1051856.0,1096217.0,515288.0
2024-10-21,1302106.0,1335109.0,777167.0
2024-10-22,1331706.0,1363706.0,859094.0
2024-10-23,1328510.0,1348015.0,1047353.0
2024-10-24,1320364.0,1339743.0,943894.0
2024-10-25,1282763.0,1312020.0,967844.0
2024-10-26,1086088.0,1105548.0,808560.0
2024-10-27,1096052.0,1143445.0,741224.0
2024-10-28,1300084.0,1332396.0,831537.0
2024-10-29,1309611.0,1327846.0,1050937.0
2024-10-30,1343603.0,1366408.0,1116501.0
2024-10-31,1268132.0,1280958.0,877364.0
2024-11-01,1219064.0,1266396.0,653850.0
2024-11-02,1141277.0,1162970.0,926570.0
2024-11-03,1126542.0,1159416.0,841771.0
2024-11-04,1335926.0,1356331.0,1139484.0
2024-11-05,1385386.0,1414999.0,1202904.0
2024-11-06,1414779.0,1439437.0,1370874.0
2024-11-07,1421129.0,1448056.0,1353774.0
2024-11-08,1406847.0,1427505.0,1112962.0
2024-11-09,1201015.0,1222215.0,1040359.0
2024-11-10,1141521.0,1164533.0,1047282.0
2024-11-11,1430760.0,1460154.0,1142224.0
2024-11-12,1439917.0,1475340.0,1266267.0
2024-11-13,1475446.0,1508360.0,1282439.0
2024-11-14,1482973.0,1515776.0,1055474.0
2024-11-15,1434138.0,1455878.0,1112463.0
2024-11-16,1304616.0,1332901.0,661281.0
2024-11-17,1239255.0,1287231.0,397623.0
2024-11-18,1507170.0,1537390.0,760975.0
2024-11-19,1493537.0,1522986.0,919864.0
2024-11-20,1500267.0,1539016.0,879580.0
2024-11-21,1533264.0,1561756.0,968038.0
2024-11-22,1507946.0,1526151.0,725585.0
2024-11-23,1331646.0,1358006.0,518462.0
2024-11-24,1238422.0,1304510.0,199177.0
2024-11-25,1459587.0,1486138.0,562642.0
2024-11-26,1492434.0,1524696.0,893195.0
2024-11-27,1485728.0,1514879.0,796635.0
2024-11-28,1502966.0,1543742.0,648076.0
2024-11-29,1427937.0,1444078.0,1143214.0
2024-11-30,1295023.0,1331656.0,730790.0
2024-12-01,1240470.0,1264290.0,769119.0
2024-12-02,1491682.0,1527780.0,908546.0
2024-12-03,1492615.0,1533808.0,1052129.0
2024-12-04,1513638.0,1540820.0,1301592.0
2024-12-05,1539786.0,1566146.0,845348.0
2024-12-06,1488982.0,1531406.0,688049.0
2024-12-07,1291138.0,1337608.0,610786.0
2024-12-08,1231954.0,1258589.0,774669.0
2024-12-09,1540947.0,1583454.0,788890.0
2024-12-10,1517899.0,1547491.0,1087800.0
2024-12-11,1496399.0,1538907.0,1425076.0
2024-12-12,1461856.0,1503156.0,1411589.0
2024-12-13,1453673.0,1492948.0,1280781.0
2024-12-14,1324852.0,1334149.0,784592.0
2024-12-15,1260324.0,1298539.0,333381.0
2024-12-16,1441870.0,1484574.0,381096.0
2024-12-17,1436394.0,1469454.0,765562.0
2024-12-18,1401655.0,1436044.0,442971.0
2024-12-19,1382758.0,1435545.0,349666.0
2024-12-20,1380820.0,1418904.0,480681.0
2024-12-21,1269902.0,1318143.0,230113.0
2024-12-22,1188051.0,1231234.0,356184.0
2024-12-23,1276222.0,1321559.0,483750.0
2024-12-24,1130943.0,1157066.0,791685.0
2024-12-25,1087917.0,1131888.0,828199.0
2024-12-26,1072831.0,1094785.0,917304.0
2024-12-27,1155151.0,1173772.0,1044582.0
2024-12-28,1150660.0,1169656.0,1035781.0
2024-12-29,1179162.0,1191640.0,784750.0
2024-12-30,1278285.0,1305940.0,659824.0
2024-12-31,1204280.0,1228305.0,556834.0
2025-01-01,1180492.0,1249835.0,151268.0
2025-01-02,1306006.0,1320455.0,639133.0
2025-01-03,1366766.0,1414781.0,560842.0
2025-01-04,1264564.0,1270472.0,920981.0
2025-01-05,1225572.0,1242696.0,614012.0
2025-01-06,1346586.0,1408274.0,260673.0
2025-01-07,1479230.0,1517188.0,470202.0
2025-01-08,1538766.0,1576488.0,842150.0
2025-01-09,1497377.0,1522594.0,1037545.0
2025-01-10,1535797.0,1570858.0,879665.0
2025-01-11,1344364.0,1372628.0,728238.0
2025-01-12,1268635.0,1292938.0,924281.0
2025-01-13,1543399.0,1566310.0,1174300.0
2025-01-14,1617478.0,1655648.0,971045.0
2025-01-15,1525815.0,1554333.0,1321720.0
2025-01-16,1545104.0,1575202.0,1289963.0
2025-01-17,1544152.0,1574975.0,1357403.0
2025-01-18,1324961.0,1343942.0,1172157.0
2025-01-19,1252943.0,1292423.0,1009823.0
2025-01-20,1518645.0,1546405.0,1322398.0
2025-01-21,1531658.0,1571320.0,1291236.0
2025-01-22,1508916.0,1536660.0,1121180.0
2025-01-23,1526153.0,1555266.0,747150.0
2025-01-24,1486932.0,1545260.0,520232.0
2025-01-25,1292432.0,1312205.0,670278.0
2025-01-26,1193862.0,1213174.0,729020.0
2025-01-27,1484312.0,1543746.0,522782.0
2025-01-28,1483767.0,1513305.0,827640.0
2025-01-29,1491606.0,1544881.0,676517.0
2025-01-30,1486554.0,1513576.0,1046112.0
2025-01-31,1457846.0,1491004.0,1002330.0
2025-02-01,1258505.0,1290615.0,1025674.0
2025-02-02,1215842.0,1250357.0,1025461.0
2025-02-03,1477660.0,1494212.0,1281729.0
2025-02-04,1536943.0,1562691.0,1159609.0
2025-02-05,1555798.0,1587566.0,1171454.0
2025-02-06,1512802.0,1535125.0,1257803.0
2025-02-07,1528301.0,1568300.0,655260.0
2025-02-08,1319652.0,1358927.0,653283.0
2025-02-09,1245012.0,1263407.0,810683.0
2025-02-10,1539663.0,1561921.0,836472.0
2025-02-11,1580242.0,1613994.0,880242.0
2025-02-12,1560452.0,1589316.0,1088561.0
2025-02-13,1564519.0,1590731.0,1327874.0
2025-02-14,1524579.0,1554521.0,1395130.0
2025-02-15,1307377.0,1322885.0,1197553.0
2025-02-16,1256915.0,1309868.0,918512.0
2025-02-17,1493540.0,1524910.0,1190582.0
2025-02-18,1527675.0,1554963.0,1048980.0
2025-02-19,1533208.0,1570232.0,722453.0
2025-02-20,1543620.0,1566096.0,856560.0
2025-02-21,1436871.0,1471249.0,737981.0
2025-02-22,1266830.0,1314403.0,533692.0
2025-02-23,1141098.0,1179853.0,635571.0
2025-02-24,1441009.0,1490554.0,609320.0
2025-02-25,1404482.0,1426692.0,1106847.0
2025-02-26,1434223.0,1466292.0,1170693.0
2025-02-27,1438264.0,1478599.0,1088478.0
2025-02-28,1422234.0,1446296.0,1174657.0
2025-03-01,1244285.0,1262281.0,997259.0
2025-03-02,1182745.0,1223666.0,684315.0
2025-03-03,1405731.0,1445715.0,787525.0
2025-03-04,1447903.0,1484411.0,858415.0
2025-03-05,1447369.0,1488770.0,681183.0
2025-03-06,1398046.0,1436410.0,800514.0
2025-03-07,1329326.0,1373749.0,894438.0
2025-03-08,1146976.0,1193596.0,665457.0
2025-03-09,1099818.0,1146014.0,624959.0
2025-03-10,1344024.0,1376075.0,1046435.0
2025-03-11,1391007.0,1426290.0,1119429.0
2025-03-12,1418159.0,1449047.0,1225762.0
2025-03-13,1431451.0,1462976.0,1192213.0
2025-03-14,1416698.0,1441961.0,1154129.0
2025-03-15,1202482.0,1244026.0,737913.0
2025-03-16,1153089.0,1199064.0,627506.0
2025-03-17,1401572.0,1441026.0,774133.0
2025-03-18,1402289.0,1443131.0,841071.0
2025-03-19,1372994.0,1414753.0,922439.0
2025-03-20,1346672.0,1386470.0,914173.0
2025-03-21,1347446.0,1386542.0,635512.0
2025-03-22,1185538.0,1245546.0,237983.0
2025-03-23,1126025.0,1153691.0,554599.0
2025-03-24,1318667.0,1347006.0,1079571.0
2025-03-25,1388528.0,1432487.0,939443.0
2025-03-26,1399176.0,1421594.0,1016330.0
2025-03-27,1360874.0,1400013.0,904484.0
2025-03-28,1307688.0,1357297.0,749221.0
2025-03-29,1126671.0,1168542.0,647164.0
2025-03-30,1078479.0,1134613.0,203122.0
2025-03-31,1341868.0,1371434.0,759806.0
2025-04-01,1342899.0,1378682.0,764299.0
2025-04-02,1317063.0,1366339.0,478823.0
2025-04-03,1298443.0,1344623.0,614023.0
2025-04-04,1267084.0,1305734.0,751143.0
2025-04-05,1102792.0,1151082.0,396336.0
2025-04-06,1053185.0,1106249.0,424262.0
2025-04-07,1293661.0,1332264.0,757762.0
2025-04-08,1301074.0,1337739.0,888586.0
2025-04-09,1326976.0,1367696.0,805954.0
2025-04-10,1343984.0,1381130.0,766271.0
2025-04-11,1317890.0,1369724.0,540405.0
2025-04-12,1084509.0,1127109.0,537687.0
2025-04-13,1072550.0,1126753.0,345468.0
2025-04-14,1268210.0,1301914.0,802988.0
2025-04-15,1332443.0,1380774.0,561446.0
2025-04-16,1304242.0,1333198.0,807916.0
2025-04-17,1328354.0,1357214.0,783783.0
2025-04-18,1079106.0,1108605.0,748791.0
2025-04-19,1036644.0,1082313.0,652314.0
2025-04-20,950210.0,999442.0,512234.0
2025-04-21,982259.0,1015463.0,671938.0
2025-04-22,1228780.0,1262310.0,897644.0
2025-04-23,1284800.0,1316480.0,907466.0
2025-04-24,1330402.0,1349639.0,936150.0
2025-04-25,1294833.0,1322590.0,957696.0
2025-04-26,1075475.0,1120891.0,487543.0
2025-04-27,997387.0,1046716.0,400313.0
2025-04-28,1231659.0,1274267.0,755637.0
2025-04-29,1263496.0,1301078.0,754080.0
2025-04-30,1231319.0,1270044.0,757818.0
2025-05-01,983001.0,1028621.0,513414.0
2025-05-02,1118996.0,1162823.0,512361.0
2025-05-03,1049218.0,1084302.0,531878.0
2025-05-04,1033232.0,1088357.0,369737.0
2025-05-05,1256328.0,1285882.0,696153.0
2025-05-06,1274750.0,1309239.0,643148.0
2025-05-07,1276998.0,1310712.0,756758.0
2025-05-08,1263721.0,1292331.0,764442.0
2025-05-09,1237717.0,1278349.0,677709.0
2025-05-10,1044517.0,1085164.0,524891.0
2025-05-11,963626.0,1009290.0,309175.0
2025-05-12,1215687.0,1252787.0,402813.0
2025-05-13,1246576.0,1278884.0,625174.0
2025-05-14,1262607.0,1302037.0,564796.0
2025-05-15,1262879.0,1296960.0,495238.0
2025-05-16,1247132.0,1280450.0,578798.0
2025-05-17,1078921.0,1122912.0,452918.0
2025-05-18,1010615.0,1056386.0,463481.0
2025-05-19,1217021.0,1250092.0,733147.0
2025-05-20,1264564.0,1298676.0,729084.0
2025-05-21,1295892.0,1332019.0,507417.0
2025-05-22,1306049.0,1344176.0,465467.0
2025-05-23,1263990.0,1297838.0,508238.0
2025-05-24,1068737.0,1113637.0,345908.0
2025-05-25,1050474.0,1102102.0,329852.0
2025-05-26,1241197.0,1273869.0,539813.0
2025-05-27,1275493.0,1317828.0,473408.0
2025-05-28,1278889.0,1311431.0,522235.0
2025-05-29,1032899.0,1078555.0,415643.0
2025-05-30,1123246.0,1175892.0,307958.0
2025-05-31,1019759.0,1066086.0,566970.0
2025-06-01,991524.0,1044458.0,403146.0
2025-06-02,1259343.0,1294083.0,763637.0
2025-06-03,1262216.0,1308155.0,646858.0
2025-06-04,1309262.0,1352405.0,676752.0
2025-06-05,1272381.0,1309544.0,617597.0
2025-06-06,1272942.0,1329570.0,296861.0
2025-06-07,1047262.0,1089346.0,478812.0
2025-06-08,968145.0,1033261.0,162342.0
2025-06-09,977176.0,1029196.0,285023.0
2025-06-10,1216301.0,1266884.0,364750.0
2025-06-11,1246335.0,1290715.0,541299.0
2025-06-12,1231337.0,1278392.0,458061.0
2025-06-13,1229178.0,1276423.0,315380.0
2025-06-14,1079867.0,1130003.0,303492.0
2025-06-15,1014538.0,1064271.0,508650.0
2025-06-16,1256013.0,1290988.0,627975.0
2025-06-17,1255319.0,1287944.0,694159.0
2025-06-18,1254661.0,1292856.0,666281.0
2025-06-19,1116813.0,1161022.0,406702.0
2025-06-20,1128204.0,1165278.0,540664.0
2025-06-21,1024148.0,1066944.0,504452.0
2025-06-22,988039.0,1033337.0,354937.0
2025-06-23,1291396.0,1332232.0,318280.0
2025-06-24,1291527.0,1331657.0,286983.0
2025-06-25,1297157.0,1330149.0,494626.0
2025-06-26,1309342.0,1336606.0,635723.0
2025-06-27,1299277.0,1330637.0,570327.0
2025-06-28,1093231.0,1133100.0,303689.0
2025-06-29,1040360.0,1086006.0,320649.0
2025-06-30,1255048.0,1282468.0,668690.0
2025-07-01,1307004.0,1337330.0,729830.0
2025-07-02,1334773.0,1364120.0,696207.0
2025-07-03,1337490.0,1373545.0,633077.0
2025-07-04,1264036.0,1301092.0,670475.0
2025-07-05,1085139.0,1134986.0,325753.0
2025-07-06,1029456.0,1067248.0,479178.0
2025-07-07,1272025.0,1298632.0,753354.0
2025-07-08,1272613.0,1307775.0,614003.0
2025-07-09,1256384.0,1286147.0,698114.0
2025-07-10,1238400.0,1270050.0,751355.0
2025-07-11,1252049.0,1285207.0,683359.0
2025-07-12,1076166.0,1117776.0,578231.0
2025-07-13,998775.0,1040437.0,570652.0
2025-07-14,1222517.0,1251749.0,816988.0
2025-07-15,1230154.0,1264925.0,713990.0
2025-07-16,1257582.0,1283985.0,760374.0
2025-07-17,1244254.0,1280265.0,659602.0
2025-07-18,1189939.0,1215732.0,820798.0
2025-07-19,1036076.0,1076312.0,497875.0
2025-07-20,986846.0,1031927.0,441605.0
2025-07-21,1246909.0,1256280.0,885550.0
2025-07-22,1246405.0,1283790.0,607003.0
2025-07-23,1254441.0,1292848.0,432883.0
2025-07-24,1244556.0,1260371.0,907781.0
2025-07-25,1219140.0,1238748.0,835197.0
2025-07-26,1041633.0,1074759.0,729567.0
2025-07-27,972402.0,1016246.0,618686.0
2025-07-28,1208581.0,1244015.0,655402.0
2025-07-29,1248672.0,1289159.0,546806.0
2025-07-30,1233730.0,1271474.0,562660.0
2025-07-31,1227633.0,1263779.0,574001.0
2025-08-01,1188028.0,1220763.0,711826.0
2025-08-02,1020379.0,1065715.0,483168.0
2025-08-03,969225.0,1024963.0,357549.0
2025-08-04,1184077.0,1218331.0,493443.0
2025-08-05,1226280.0,1286070.0,388212.0
2025-08-06,1208954.0,1247653.0,483380.0
2025-08-07,1191206.0,1229984.0,648788.0
2025-08-08,1177651.0,1209518.0,639157.0
2025-08-09,1012708.0,1057178.0,520570.0
2025-08-10,952554.0,1002727.0,348663.0
2025-08-11,1142494.0,1180501.0,642341.0
2025-08-12,1193070.0,1223097.0,660379.0
2025-08-13,1233357.0,1265449.0,700688.0
2025-08-14,1260042.0,1289348.0,801241.0
2025-08-15,1215539.0,1253215.0,650169.0
2025-08-16,1075929.0,1109365.0,443499.0
2025-08-17,962772.0,1004711.0,481975.0
2025-08-18,1158298.0,1191011.0,689338.0
2025-08-19,1202992.0,1237126.0,688681.0
2025-08-20,1224377.0,1250725.0,735834.0
2025-08-21,1232373.0,1261638.0,661419.0
2025-08-22,1218548.0,1246581.0,568956.0
2025-08-23,1051705.0,1092786.0,429308.0
2025-08-24,967270.0,1009046.0,468781.0
2025-08-25,1180206.0,1203542.0,699727.0
2025-08-26,1203113.0,1226130.0,729775.0
2025-08-27,1243447.0,1271591.0,735051.0
2025-08-28,1267287.0,1285760.0,1008000.0
2025-08-29,1210579.0,1232826.0,751405.0
2025-08-30,1027471.0,1061620.0,519070.0
2025-08-31,969314.0,1015655.0,400337.0
2025-09-01,1232170.0,1255669.0,799093.0
2025-09-02,1248625.0,1276680.0,835309.0
2025-09-03,1278667.0,1313955.0,429316.0
2025-09-04,1276098.0,1314095.0,610988.0
2025-09-05,1235636.0,1259553.0,802646.0
2025-09-06,1016693.0,1055586.0,584759.0
2025-09-07,957651.0,1008799.0,257360.0
2025-09-08,1239446.0,1256133.0,769838.0
2025-09-09,1282017.0,1306010.0,1015788.0
2025-09-10,1283018.0,1307220.0,1025576.0
2025-09-11,1266992.0,1298568.0,495498.0
2025-09-12,1249856.0,1290608.0,429110.0
2025-09-13,1063641.0,1109135.0,347768.0
2025-09-14,984751.0,1015521.0,450423.0
2025-09-15,1269431.0,1316686.0,162394.0
2025-09-16,1305157.0,1350365.0,170353.0
2025-09-17,1301101.0,1334691.0,451714.0
2025-09-18,1302372.0,1349332.0,401717.0
2025-09-19,1262812.0,1294246.0,593629.0
2025-09-20,1060295.0,1097025.0,314382.0
2025-09-21,1040798.0,1091196.0,305449.0
2025-09-22,1277538.0,1306664.0,744367.0
2025-09-23,1277676.0,1295815.0,796140.0
2025-09-24,1311220.0,1335089.0,496651.0
2025-09-25,1367761.0,1397670.0,530580.0
2025-09-26,1349417.0,1376529.0,715696.0
2025-09-27,1118398.0,1144519.0,727200.0
2025-09-28,1032988.0,1068732.0,703764.0
2025-09-29,1277063.0,1307215.0,951340.0
2025-09-30,1302463.0,1334477.0,985322.0
2025-10-01,1287318.0,1317632.0,893277.0
2025-10-02,1278819.0,1307656.0,789834.0
2025-10-03,1096341.0,1132589.0,353904.0
2025-10-04,1169408.0,1215877.0,141449.0
2025-10-05,1129930.0,1185584.0,82830.0
2025-10-06,1367487.0,1396095.0,624132.0
2025-10-07,1340346.0,1371840.0,1102474.0
2025-10-08,1334632.0,1370250.0,1082962.0
2025-10-09,1365078.0,1389087.0,981912.0
2025-10-10,1384605.0,1411148.0,810015.0
2025-10-11,1180054.0,1217094.0,724836.0
2025-10-12,1084331.0,1120843.0,722451.0
2025-10-13,1312674.0,1332546.0,1127482.0
2025-10-14,1337258.0,1378444.0,1053300.0
2025-10-15,1357894.0,1387871.0,1132333.0
2025-10-16,1382481.0,1411434.0,973470.0
2025-10-17,1366166.0,1395080.0,948172.0
2025-10-18,1155883.0,1183852.0,756882.0
2025-10-19,1104883.0,1135679.0,427032.0
2025-10-20,1395263.0,1426482.0,599066.0
2025-10-21,1408891.0,1450606.0,486097.0
2025-10-22,1375162.0,1398807.0,956607.0
2025-10-23,1403681.0,1422872.0,500205.0
2025-10-24,1406042.0,1451858.0,209932.0
2025-10-25,1242940.0,1280617.0,151639.0
2025-10-26,1220182.0,1272324.0,19881.0
2025-10-27,1431539.0,1463066.0,392178.0
2025-10-28,1446031.0,1481551.0,374558.0
2025-10-29,1416989.0,1442030.0,601581.0
2025-10-30,1398274.0,1438235.0,479648.0
2025-10-31,1294944.0,1308221.0,735396.0
2025-11-01,1154534.0,1194566.0,412758.0
2025-11-02,1111424.0,1129350.0,666114.0
2025-11-03,1382147.0,1419468.0,627219.0
2025-11-04,1409264.0,1443710.0,679792.0
2025-11-05,1406107.0,1441760.0,766400.0
2025-11-06,1412122.0,1433966.0,994305.0
2025-11-07,1410071.0,1432433.0,1196382.0
2025-11-08,1219418.0,1239834.0,1132842.0
2025-11-09,1142669.0,1178647.0,1052159.0
2025-11-10,1380867.0,1403131.0,1130595.0
2025-11-11,1419741.0,1445067.0,903091.0
2025-11-12,1435908.0,1466220.0,704237.0
2025-11-13,1454544.0,1495288.0,630507.0
2025-11-14,1390965.0,1402308.0,987893.0
2025-11-15,1232957.0,1273984.0,631373.0
2025-11-16,1150784.0,1160538.0,851797.0
2025-11-17,1470552.0,1503618.0,912567.0
2025-11-18,1525539.0,1566181.0,868414.0
2025-11-19,1509612.0,1539964.0,983437.0
2025-11-20,1519622.0,1557011.0,1132173.0
2025-11-21,1496329.0,1533921.0,1232216.0
2025-11-22,1347248.0,1369581.0,783436.0
2025-11-23,1315656.0,1359941.0,536719.0
2025-11-24,1524977.0,1551602.0,1079762.0
2025-11-25,1495487.0,1531598.0,1331813.0
2025-11-26,1516831.0,1551722.0,1330684.0
2025-11-27,1573451.0,1606840.0,837857.0
2025-11-28,1528477.0,1555146.0,821731.0
2025-11-29,1287228.0,1298903.0,755308.0
2025-11-30,1245781.0,1292129.0,617338.0
2025-12-01,1519273.0,1548293.0,801341.0
2025-12-02,1567803.0,1603014.0,946692.0
2025-12-03,1535110.0,1564321.0,1384708.0
2025-12-04,1545582.0,1578449.0,1323240.0
2025-12-05,1505100.0,1536901.0,1356529.0
2025-12-06,1319180.0,1343866.0,582770.0
2025-12-07,1190542.0,1225386.0,564028.0
2025-12-08,1481837.0,1523313.0,587019.0
2025-12-09,1468406.0,1487705.0,828352.0
2025-12-10,1506556.0,1547470.0,755548.0
2025-12-11,1524915.0,1565670.0,863916.0
2025-12-12,1436419.0,1443459.0,1193462.0
2025-12-13,1303271.0,1318662.0,963210.0
2025-12-14,1273816.0,1306164.0,705548.0
2025-12-15,1482239.0,1516332.0,841682.0
2025-12-16,1472258.0,1503265.0,1065685.0
2025-12-17,1455822.0,1483836.0,1116499.0
2025-12-18,1447387.0,1494326.0,576896.0
2025-12-19,1399187.0,1438028.0,666676.0
2025-12-20,1196565.0,1201509.0,974316.0
2025-12-21,1151739.0,1159509.0,633341.0
2025-12-22,1329528.0,1360133.0,633178.0
2025-12-23,1338046.0,1357972.0,473975.0
2025-12-24,1221423.0,1270995.0,341106.0
2025-12-25,1154458.0,1179703.0,553234.0
2025-12-26,1155556.0,1166489.0,817135.0
2025-12-27,1238451.0,1268319.0,740514.0
2025-12-28,1199336.0,1216601.0,822695.0
2025-12-29,1319113.0,1337356.0,660072.0
2025-12-30,1310280.0,1335309.0,691980.0
2025-12-31,1255282.0,1276398.0,430652.0
2026-01-01,1189271.0,1239450.0,53641.0
2026-01-02,1332253.0,1356186.0,281459.0
2026-01-03,1301584.0,1337833.0,460688.0
2026-01-04,1256515.0,1280391.0,663812.0
2026-01-05,1474560.0,1490864.0,1118981.0
2026-01-06,1512582.0,1545158.0,1252850.0
2026-01-07,1639694.0,1681280.0,863749.0
2026-01-08,1620144.0,1643932.0,1214478.0
2026-01-09,1586695.0,1612860.0,540735.0
2026-01-10,1411533.0,1456300.0,789750.0
2026-01-11,1373999.0,1383960.0,954652.0
2026-01-12,1622700.0,1655423.0,1035573.0
2026-01-13,1569000.0,1610174.0,1000689.0
2026-01-14,1551506.0,1582772.0,979070.0
2026-01-15,1544164.0,1571630.0,890036.0
2026-01-16,1509707.0,1550930.0,856167.0
2026-01-17,1334126.0,1348295.0,960231.0
2026-01-18,1297055.0,1334465.0,809141.0
2026-01-19,1566163.0,1583276.0,1042903.0
2026-01-20,1594821.0,1626390.0,1213265.0
2026-01-21,1627416.0,1660429.0,1067852.0
2026-01-22,1651328.0,1681661.0,982201.0
2026-01-23,1612109.0,1644092.0,892265.0
2026-01-24,1406121.0,1422842.0,878428.0
2026-01-25,1352133.0,1382726.0,899174.0
2026-01-26,1596998.0,1613176.0,1174752.0
2026-01-27,1599165.0,1624847.0,1160002.0
2026-01-28,1606138.0,1640112.0,1048506.0
2026-01-29,1647000.0,1679726.0,1153824.0
2026-01-30,1601614.0,1621294.0,1014542.0
2026-01-31,1393411.0,1414286.0,744660.0
2026-02-01,1308319.0,1323780.0,719712.0
2026-02-02,1570968.0,1590474.0,768263.0
2026-02-03,1649038.0,1678919.0,686117.0
2026-02-04,1619362.0,1638260.0,959810.0
2026-02-05,1618242.0,1649557.0,1103973.0
2026-02-06,1565958.0,1585638.0,1250032.0
2026-02-07,1328510.0,1359403.0,1008345.0
2026-02-08,1269376.0,1299174.0,885731.0
2026-02-09,1523678.0,1534840.0,1206345.0
2026-02-10,1533661.0,1550817.0,1073163.0
2026-02-11,1540686.0,1560027.0,1015369.0
2026-02-12,1521055.0,1544258.0,823503.0
2026-02-13,1506006.0,1533005.0,1007633.0
2026-02-14,1353476.0,1371733.0,1084895.0
2026-02-15,1277387.0,1307116.0,718138.0
2026-02-16,1517532.0,1550214.0,844850.0
2026-02-17,1540174.0,1561743.0,1058881.0
2026-02-18,1565863.0,1583105.0,1183194.0
2026-02-19,1591668.0,1605328.0,823160.0
2026-02-20,1549135.0,1559186.0,774038.0
2026-02-21,1310472.0,1353913.0,325472.0
2026-02-22,1202851.0,1251940.0,204350.0
2026-02-23,1439290.0,1478416.0,344055.0
2026-02-24,1467454.0,1473064.0,1187005.0
2026-02-25,1440647.0,1457468.0,962940.0
2026-02-26,1419136.0,1455928.0,610838.0
2026-02-27,1362930.0,1399343.0,519166.0
2026-02-28,1182278.0,1223546.0,325157.0
2026-03-01,1123410.0,1167458.0,422543.0
2026-03-02,1352607.0,1386994.0,706432.0
2026-03-03,1369185.0,1393479.0,906556.0
2026-03-04,1387666.0,1416972.0,991770.0
2026-03-05,1361720.0,1393209.0,747617.0
2026-03-06,1344857.0,1369837.0,906782.0
2026-03-07,1144222.0,1172498.0,800041.0
2026-03-08,1078056.0,1113958.0,666863.0
2026-03-09,1325913.0,1351636.0,956522.0
2026-03-10,1343734.0,1364117.0,947358.0
2026-03-11,1399596.0,1441875.0,531937.0
2026-03-12,1389527.0,1430468.0,498158.0
2026-03-13,1391487.0,1446042.0,404634.0
2026-03-14,1208166.0,1211117.0,922224.0
2026-03-15,1141064.0,1172572.0,797608.0
2026-03-16,1398300.0,1445677.0,592096.0
2026-03-17,1387897.0,1408690.0,942405.0
2026-03-18,1359940.0,1407632.0,613576.0
2026-03-19,1332668.0,1360166.0,843802.0
2026-03-20,1320102.0,1350093.0,932869.0
2026-03-21,1157142.0,1185024.0,786253.0
2026-03-22,1086420.0,1139273.0,498699.0
2026-03-23,1311726.0,1337210.0,
